CustomerID,Name,Age,Gender,Region,IncomeLevel
1,Sneha Sharma,39,Male,South,Low
2,Sneha Iyer,56,Male,Central,Medium
3,Priya Sharma,27,Male,South,High
4,Leela Sharma,57,Male,Central,Medium
5,Anjali Mehta,59,Female,North,Low
6,Meena Gupta,39,Male,South,Medium
7,Sneha Patel,46,Male,East,Medium
8,Leela Verma,24,Female,Central,Low
9,Arjun Patel,57,Female,Central,Medium
10,Manoj Kumar,26,Male,South,Medium
11,Rahul Shah,36,Male,West,Medium
12,Kiran Iyer,45,Male,East,Medium
13,Vikram Iyer,39,Male,Central,High
14,Pooja Das,37,Male,West,Medium
15,Rohit Choudhury,62,Male,East,Low
16,Anjali Shah,24,Female,West,Medium
17,Rahul Kumar,58,Female,South,High
18,Nisha Joshi,63,Female,South,Medium
19,Amit Kumar,57,Female,Central,Medium
20,Manoj Joshi,45,Male,South,High
21,Nisha Patel,25,Male,South,High
22,Pooja Rao,65,Female,Central,Low
23,Arjun Joshi,60,Female,Central,Medium
24,Sita Shah,22,Male,Central,Medium
25,Suresh Patel,40,Female,South,Medium
26,Aarav Reddy,38,Male,Central,Low
27,Kavya Shah,62,Male,South,Medium
28,Pooja Das,55,Male,Central,Medium
29,Nisha Sharma,29,Female,East,Low
30,Priya Kumar,58,Male,North,High
31,Nisha Shah,26,Male,South,High
32,Nisha Das,32,Female,Central,High
33,Meena Kumar,56,Male,East,Medium
34,Divya Mehta,55,Female,North,Low
35,Anjali Patel,43,Male,Central,High
36,Anjali Nair,36,Male,North,High
37,Priya Kumar,26,Male,East,Low
38,Ravi Kumar,39,Female,South,High
39,Amit Reddy,58,Female,South,Medium
40,Meena Kumar,28,Male,West,Medium
41,Meena Joshi,51,Male,North,Low
42,Arjun Reddy,43,Male,South,Low
43,Vikram Das,50,Male,West,Low
44,Rohit Mehta,37,Male,West,High
45,Sneha Sharma,63,Male,North,Low
46,Pooja Joshi,53,Female,South,Medium
47,Priya Singh,46,Male,West,Medium
48,Kiran Verma,49,Female,South,Low
49,Kavya Kumar,25,Male,East,Low
50,Priya Nair,52,Male,North,High
51,Rahul Shah,33,Male,Central,Low
52,Anjali Joshi,29,Male,Central,High
53,Priya Nair,27,Female,Central,High
54,Ravi Gupta,38,Male,East,Low
55,Rohit Joshi,30,Female,West,Medium
56,Rahul Sharma,51,Male,North,High
57,Vikram Das,38,Male,East,Low
58,Anjali Gupta,40,Male,West,High
59,Kavya Nair,63,Male,Central,Medium
60,Sneha Choudhury,30,Female,North,Low
61,Sita Singh,39,Female,Central,Low
62,Suresh Kumar,65,Female,Central,Medium
63,Rohit Choudhury,25,Male,West,Medium
64,Priya Sharma,43,Male,East,Low
65,Kiran Das,49,Male,North,Low
66,Amit Das,24,Female,Central,High
67,Amit Joshi,30,Male,East,Medium
68,Priya Choudhury,44,Male,South,High
69,Sneha Gupta,57,Female,Central,High
70,Amit Choudhury,37,Male,South,Medium
71,Aarav Singh,43,Female,South,Medium
72,Pooja Rao,28,Female,North,Medium
73,Anjali Kumar,51,Female,East,Low
74,Anjali Sharma,64,Male,West,Medium
75,Rohit Shah,26,Female,East,High
76,Ravi Joshi,65,Female,North,Low
77,Rohit Singh,59,Female,North,Low
78,Leela Joshi,44,Female,West,High
79,Ravi Patel,46,Male,East,Low
80,Meena Sharma,55,Male,East,Medium
81,Rahul Iyer,43,Female,North,High
82,Kavya Das,41,Female,East,Medium
83,Kavya Das,30,Male,West,High
84,Arjun Iyer,33,Female,West,High
85,Aarav Verma,40,Male,West,High
86,Leela Iyer,42,Female,West,Medium
87,Vikram Das,52,Male,North,Medium
88,Ravi Iyer,62,Female,North,Low
89,Kavya Kumar,34,Male,North,Low
90,Anjali Mehta,61,Male,West,Medium
91,Manoj Kumar,46,Female,West,Low
92,Amit Iyer,22,Male,West,Low
93,Pooja Rao,55,Female,North,High
94,Anjali Choudhury,29,Female,South,Medium
95,Ravi Das,60,Female,West,High
96,Ravi Joshi,57,Female,South,High
97,Nisha Mehta,38,Male,East,High
98,Nisha Iyer,37,Female,West,Low
99,Kavya Kumar,39,Female,East,High
100,Rahul Singh,31,Male,West,High
101,Amit Reddy,35,Male,West,Medium
102,Suresh Das,51,Female,North,Low
103,Meena Joshi,59,Male,Central,Medium
104,Nisha Sharma,44,Female,West,Medium
105,Sita Reddy,56,Male,West,Low
106,Rohit Joshi,53,Male,West,Medium
107,Arjun Reddy,32,Female,South,High
108,Sita Sharma,47,Male,North,High
109,Meena Singh,51,Male,North,Medium
110,Arjun Gupta,35,Female,East,Medium
111,Arjun Verma,48,Female,North,Medium
112,Aarav Reddy,56,Male,East,Low
113,Rahul Rao,63,Male,North,Low
114,Vikram Shah,23,Male,South,Low
115,Nisha Iyer,29,Male,West,High
116,Rohit Rao,45,Male,Central,High
117,Sneha Rao,32,Female,North,High
118,Aarav Choudhury,41,Female,West,High
119,Vikram Patel,59,Male,North,High
120,Kavya Shah,65,Male,Central,Low
121,Divya Das,49,Female,North,High
122,Suresh Sharma,48,Female,North,Medium
123,Divya Iyer,51,Male,West,Low
124,Ravi Iyer,39,Female,West,Medium
125,Manoj Verma,42,Male,North,Medium
126,Kiran Kumar,51,Female,East,Low
127,Nisha Shah,42,Male,West,Low
128,Divya Rao,38,Female,East,High
129,Rohit Das,22,Male,North,Low
130,Meena Mehta,57,Male,West,High
131,Nisha Mehta,23,Male,East,Low
132,Arjun Reddy,37,Female,Central,Medium
133,Nisha Das,55,Female,West,High
134,Sita Gupta,44,Female,East,Medium
135,Rohit Kumar,29,Male,East,Low
136,Sita Rao,33,Male,South,High
137,Nisha Verma,59,Female,North,Low
138,Kavya Kumar,45,Male,East,Low
139,Sita Singh,39,Male,North,High
140,Kavya Reddy,30,Female,North,Low
141,Manoj Verma,52,Female,West,Medium
142,Pooja Sharma,38,Female,North,Low
143,Arjun Mehta,26,Male,South,Low
144,Manoj Verma,27,Male,North,High
145,Meena Nair,60,Male,Central,Medium
146,Kiran Choudhury,50,Female,Central,Medium
147,Kavya Nair,61,Male,Central,High
148,Sneha Rao,35,Male,East,High
149,Rahul Singh,37,Male,Central,Low
150,Pooja Sharma,48,Female,Central,Medium
